{
  "ie": {
    "6": 0.0003024474043963755,
    "7": 0.00937586953628764,
    "8": 0.039923057380321564,
    "9": 0.3590050690184977,
    "10": 0.013005238389044146,
    "11": 2.4979131129096652,
    "5.5": 0
  },
  "edge": {
    "12": 0.0003024474043963755,
    "13": 0.028732503417655673,
    "14": 0.06744577118039173,
    "15": 0.15122370219818773,
    "16": 0.310915931719474,
    "17": 2.0617839557700917,
    "18": 0.5734402787355278
  },
  "firefox": {
    "2": 0,
    "3": 0.0009073422131891263,
    "4": 0,
    "5": 0,
    "6": 0.0003024474043963755,
    "7": 0,
    "8": 0,
    "9": 0,
    "10": 0.0003024474043963755,
    "11": 0,
    "12": 0.0045367110659456315,
    "13": 0,
    "14": 0.0003024474043963755,
    "15": 0.0003024474043963755,
    "16": 0.0009073422131891263,
    "17": 0,
    "18": 0,
    "19": 0.0003024474043963755,
    "20": 0,
    "21": 0,
    "22": 0,
    "23": 0,
    "24": 0.000604894808792751,
    "25": 0,
    "26": 0.000604894808792751,
    "27": 0,
    "28": 0.000604894808792751,
    "29": 0,
    "30": 0,
    "31": 0.003931816257152881,
    "32": 0,
    "33": 0,
    "34": 0.0003024474043963755,
    "35": 0.0027220266395673793,
    "36": 0.001209789617585502,
    "37": 0.015727265028611524,
    "38": 0.010283211749476766,
    "39": 0.0009073422131891263,
    "40": 0.00725873770551301,
    "41": 0.001209789617585502,
    "42": 0.00332692144836013,
    "43": 0.014819922815422399,
    "44": 0.0003024474043963755,
    "45": 0.02661537158688104,
    "46": 0.0027220266395673793,
    "47": 0.011493001367062269,
    "48": 0.14638454372784573,
    "49": 0.005746500683531134,
    "50": 0.001209789617585502,
    "51": 0.003931816257152881,
    "52": 0.3750347814515056,
    "53": 0.0015122370219818775,
    "54": 0.008166079918702137,
    "55": 0.039923057380321564,
    "56": 0.061699270496860595,
    "57": 0.1206765143541538,
    "58": 0.009073422131891263,
    "59": 0.023590897542917287,
    "60": 1.5911757945293314,
    "61": 0.05081116393859107,
    "62": 0.06593353415840986,
    "63": 0.7815240929602343,
    "64": 2.7749549353367446,
    "65": 4.665251212814091,
    "66": 3.753069841154623,
    "67": 0.010585659153873142,
    "68": 0.001209789617585502,
    "3.5": 0,
    "3.6": 0.0003024474043963755
  },
  "chrome": {
    "4": 0,
    "5": 0,
    "6": 0,
    "7": 0,
    "8": 0,
    "9": 0,
    "10": 0,
    "11": 0,
    "12": 0,
    "13": 0,
    "14": 0,
    "15": 0,
    "16": 0,
    "17": 0.000604894808792751,
    "18": 0,
    "19": 0,
    "20": 0,
    "21": 0.0003024474043963755,
    "22": 0,
    "23": 0,
    "24": 0,
    "25": 0,
    "26": 0.0003024474043963755,
    "27": 0.001209789617585502,
    "28": 0,
    "29": 0,
    "30": 0,
    "31": 0.013005238389044146,
    "32": 0.0027220266395673793,
    "33": 0,
    "34": 0,
    "35": 0.0003024474043963755,
    "36": 0.10888106558269517,
    "37": 0.004234263661549257,
    "38": 0.0045367110659456315,
    "39": 0.011795448771458644,
    "40": 0.0003024474043963755,
    "41": 0.0003024474043963755,
    "42": 0,
    "43": 0.004234263661549257,
    "44": 0.003931816257152881,
    "45": 0.027220266395673792,
    "46": 0.0045367110659456315,
    "47": 0.07409961407711199,
    "48": 0.00332692144836013,
    "49": 0.1911467595785093,
    "50": 0.008468527323098513,
    "51": 0.0045367110659456315,
    "52": 0.004234263661549257,
    "53": 0.01330768579344052,
    "54": 0.052625848364969335,
    "55": 0.07409961407711199,
    "56": 0.06260661271004972,
    "57": 0.07924121995185038,
    "58": 0.07712408812107574,
    "59": 0.02933739822644842,
    "60": 0.032059424866015804,
    "61": 0.03296676707920493,
    "62": 0.12400343580251394,
    "63": 0.7168003484194099,
    "64": 0.12037406694975744,
    "65": 0.172395020505934,
    "66": 0.12974993648604508,
    "67": 0.48482318924738993,
    "68": 0.38773757243615337,
    "69": 0.5785818846102663,
    "70": 4.226400029034951,
    "71": 17.053799344294028,
    "72": 15.103920928150593,
    "73": 16.4885251454772,
    "74": 1.1266165813764986,
    "75": 0.022381107925331788,
    "76": 0.001209789617585502
  },
  "safari": {
    "4": 0,
    "5": 0.0021171318307746283,
    "6": 0,
    "7": 0.00332692144836013,
    "8": 0.01663460724180065,
    "9": 0.08287058880460688,
    "10": 0.086197510252967,
    "11": 0.29065195562491686,
    "12": 7.462284808671773,
    "3.1": 0,
    "3.2": 0,
    "5.1": 0.00332692144836013,
    "6.1": 0.00725873770551301,
    "7.1": 0,
    "9.1": 0.2712953217435488,
    "10.1": 0.5416833012739084,
    "11.1": 1.553067421575388,
    "12.1": 1.591780689338124,
    "TP": 0
  },
  "opera": {
    "9": 0,
    "11": 0,
    "12": 0,
    "15": 0,
    "16": 0,
    "17": 0,
    "18": 0,
    "19": 0,
    "20": 0,
    "21": 0,
    "22": 0,
    "23": 0,
    "24": 0,
    "25": 0,
    "26": 0,
    "27": 0,
    "28": 0,
    "29": 0,
    "30": 0,
    "31": 0,
    "32": 0,
    "33": 0,
    "34": 0,
    "35": 0,
    "36": 0.0003024474043963755,
    "37": 0,
    "38": 0,
    "39": 0,
    "40": 0,
    "41": 0,
    "42": 0,
    "43": 0,
    "44": 0,
    "45": 0,
    "46": 0,
    "47": 0.01875173907257528,
    "48": 0,
    "49": 0,
    "50": 0,
    "51": 0,
    "52": 0,
    "53": 0,
    "54": 0.01875173907257528,
    "55": 0.001209789617585502,
    "56": 0.08226569399581413,
    "57": 0.34085822475471517,
    "58": 0.4597200546824908,
    "9.5-9.6": 0,
    "10.0-10.1": 0,
    "10.5": 0,
    "10.6": 0,
    "11.1": 0,
    "11.5": 0,
    "11.6": 0,
    "12.1": 0
  },
  "ios_saf": {
    "8": 0.000604894808792751,
    "3.2": 0,
    "4.0-4.1": 0,
    "4.2-4.3": 0,
    "5.0-5.1": 0.0018146844263782526,
    "6.0-6.1": 0.0021171318307746283,
    "7.0-7.1": 0.0009073422131891263,
    "8.1-8.4": 0.011795448771458644,
    "9.0-9.2": 0.00332692144836013,
    "9.3": 0.02207866052093541,
    "10.0-10.2": 0.055650322408933084,
    "10.3": 0.07591429850349024,
    "11.0-11.2": 0.1823757848510144,
    "11.3-11.4": 0.34962919948221005,
    "12.0-12.1": 3.2050351443883907,
    "12.2": 0.7824314351734233
  },
  "op_mini": {
    "all": 0.008468527323098513
  },
  "android": {
    "3": 0,
    "4": 0.001209789617585502,
    "67": 0.10918351298709154,
    "2.1": 0,
    "2.2": 0,
    "2.3": 0,
    "4.1": 0.0009073422131891263,
    "4.2-4.3": 0,
    "4.4": 0.0021171318307746283,
    "4.4.3-4.4.4": 0
  },
  "bb": {
    "7": 0,
    "10": 0
  },
  "op_mob": {
    "10": 0.00332692144836013,
    "11": 0.00332692144836013,
    "12": 0.00332692144836013,
    "46": 0.00332692144836013,
    "11.1": 0.00332692144836013,
    "11.5": 0.00332692144836013,
    "12.1": 0.00332692144836013
  },
  "and_chr": {
    "73": 3.522000024195792
  },
  "and_ff": {
    "66": 0.08045100956943588
  },
  "ie_mob": {
    "10": 0,
    "11": 0
  },
  "and_uc": {
    "11.8": 0.018146844263782526
  },
  "samsung": {
    "4": 0,
    "5.0-5.4": 0,
    "6.2-6.4": 0,
    "7.2-7.4": 0,
    "8.2": 0,
    "9.2": 0
  },
  "and_qq": {
    "1.2": 0
  },
  "baidu": {
    "7.12": 0
  },
  "kaios": {
    "2.5": 0
  }
}