{
  "ie": {
    "6": 0.00010558647479492468,
    "7": 0.0005279323739746233,
    "8": 0.0005279323739746233,
    "9": 0,
    "10": 0.0026396618698731164,
    "11": 0.7195718257274116,
    "5.5": 0
  },
  "edge": {
    "12": 0.00010558647479492468,
    "13": 0.0017949700715137193,
    "14": 0.0027452483446680415,
    "15": 0.006229602012900556,
    "16": 0.02259550560611388,
    "17": 0.04487425178784298,
    "18": 0.30419463388417795,
    "79": 0,
    "80": 0.002850834819462966,
    "81": 0.009608369206338145,
    "83": 0.004223458991796987,
    "84": 0.0027452483446680415,
    "85": 0.01805528718993212,
    "86": 0.011192166328262015,
    "87": 0.041284311644815545,
    "88": 0.8609521154778157,
    "89": 1.323104115655201,
    "90": 1.2969186699060598,
    "91": 1.803944921871288,
    "92": 1.1334708069235164,
    "93": 0.6167305992771549,
    "94": 0.36955266178223634
  },
  "firefox": {
    "2": 0,
    "3": 0,
    "4": 0.00010558647479492468,
    "5": 0,
    "6": 0.00010558647479492468,
    "7": 0,
    "8": 0,
    "9": 0,
    "10": 0,
    "11": 0,
    "12": 0,
    "13": 0,
    "14": 0,
    "15": 0,
    "16": 0,
    "17": 0.0004223458991796987,
    "18": 0,
    "19": 0,
    "20": 0,
    "21": 0,
    "22": 0,
    "23": 0,
    "24": 0,
    "25": 0,
    "26": 0,
    "27": 0,
    "28": 0,
    "29": 0,
    "30": 0.00021117294958984936,
    "31": 0.0020061430211035687,
    "32": 0.0007391053235644727,
    "33": 0,
    "34": 0,
    "35": 0,
    "36": 0,
    "37": 0.00010558647479492468,
    "38": 0.005068150790156384,
    "39": 0,
    "40": 0,
    "41": 0.003273180718642665,
    "42": 0.000316759424384774,
    "43": 0.005912842588515782,
    "44": 0.0005279323739746233,
    "45": 0.003273180718642665,
    "46": 0.00021117294958984936,
    "47": 0.0017949700715137193,
    "48": 0.014043001147724983,
    "49": 0.00021117294958984936,
    "50": 0,
    "51": 0.0004223458991796987,
    "52": 0.021222881433779858,
    "53": 0.002217315970693418,
    "54": 0.0016893835967187948,
    "55": 0.00021117294958984936,
    "56": 0.0033787671934375897,
    "57": 0.004223458991796987,
    "58": 0.001267037697539096,
    "59": 0.0027452483446680415,
    "60": 0.02893069409380936,
    "61": 0.0033787671934375897,
    "62": 0.0014782106471289455,
    "63": 0.0014782106471289455,
    "64": 0.0023229024454883428,
    "65": 0.008974850357568597,
    "66": 0.006863120861670104,
    "67": 0.006968707336465028,
    "68": 0.12163561896375323,
    "69": 0.008446917983593974,
    "70": 0.008235745034004125,
    "71": 0.011931271651826487,
    "72": 0.03589940143027439,
    "73": 0.009186023307158446,
    "74": 0.01129775280305694,
    "75": 0.008024572084414275,
    "76": 0.011825685177031564,
    "77": 0.016577076542803174,
    "78": 1.7342578485066378,
    "79": 0.03706085265301856,
    "80": 0.026396618698731167,
    "81": 0.05342675624623189,
    "82": 0.025235167475986992,
    "83": 0.05194854559910294,
    "84": 0.24115950843160797,
    "85": 1.1315702503772076,
    "86": 1.1897483979892112,
    "87": 1.1391724765624422,
    "88": 1.8524091138021583,
    "89": 1.8028890571233385,
    "90": 0.9513341379022713,
    "91": 0.9295833240945168,
    "92": 0.9881838176057,
    "93": 0.022806678555703726,
    "94": 0.00010558647479492468,
    "95": 0,
    "3.5": 0,
    "3.6": 0.00010558647479492468
  },
  "chrome": {
    "4": 0,
    "5": 0,
    "6": 0,
    "7": 0,
    "8": 0,
    "9": 0,
    "10": 0,
    "11": 0,
    "12": 0,
    "13": 0.00010558647479492468,
    "14": 0.00021117294958984936,
    "15": 0,
    "16": 0,
    "17": 0,
    "18": 0,
    "19": 0,
    "20": 0,
    "21": 0,
    "22": 0,
    "23": 0,
    "24": 0,
    "25": 0,
    "26": 0,
    "27": 0,
    "28": 0,
    "29": 0,
    "30": 0,
    "31": 0.004962564315361459,
    "32": 0,
    "33": 0,
    "34": 0,
    "35": 0.00010558647479492468,
    "36": 0,
    "37": 0.00021117294958984936,
    "38": 0.0005279323739746233,
    "39": 0.008024572084414275,
    "40": 0.0004223458991796987,
    "41": 0,
    "42": 0,
    "43": 0.001267037697539096,
    "44": 0.0005279323739746233,
    "45": 0.0008446917983593974,
    "46": 0.00010558647479492468,
    "47": 0.002217315970693418,
    "48": 0.0045402184161817604,
    "49": 0.09407754904227789,
    "50": 0.00010558647479492468,
    "51": 0.0013726241723340208,
    "52": 0.0007391053235644727,
    "53": 0.03114801006450278,
    "54": 0.003062007769052815,
    "55": 0.006440774962490404,
    "56": 0.003273180718642665,
    "57": 0.010030715105517844,
    "58": 0.022701092080908803,
    "59": 0.00633518848769548,
    "60": 0.004329045466591911,
    "61": 0.013409482298955432,
    "62": 0.038327890350557656,
    "63": 0.048464191930870426,
    "64": 0.02185640028254941,
    "65": 0.052898823872257264,
    "66": 0.009186023307158446,
    "67": 0.1306104693213218,
    "68": 0.010875406903877241,
    "69": 0.0641965766753142,
    "70": 0.22500477778798444,
    "71": 0.01826646013952197,
    "72": 0.19132269232840352,
    "73": 0.0804568937937326,
    "74": 0.04856977840566535,
    "75": 0.03273180718642665,
    "76": 0.30208290438827945,
    "77": 0.05596083164131008,
    "78": 0.16302551708336369,
    "79": 0.1044250235721805,
    "80": 0.1749567887351902,
    "81": 0.08225186386524633,
    "83": 0.13029370989693703,
    "84": 0.15753502039402761,
    "85": 0.10526971537053989,
    "86": 0.6562199408504568,
    "87": 1.0671625007523036,
    "88": 9.23005286714793,
    "89": 9.892080064112108,
    "90": 9.65693898474381,
    "91": 11.307149999313689,
    "92": 7.5738234235147415,
    "93": 4.093904387223614,
    "94": 1.9169224499018576,
    "95": 0.010030715105517844,
    "96": 0.00021117294958984936,
    "97": 0
  },
  "safari": {
    "4": 0,
    "5": 0,
    "6": 0,
    "7": 0.00010558647479492468,
    "8": 0.0010558647479492467,
    "9": 0.0004223458991796987,
    "10": 0.003062007769052815,
    "11": 0.011614512227441713,
    "12": 0.0873200146554027,
    "13": 0.3466403967517377,
    "14": 4.878728654374289,
    "15": 0.1956517377949954,
    "3.1": 0,
    "3.2": 0,
    "5.1": 0,
    "6.1": 0.00010558647479492468,
    "7.1": 0,
    "9.1": 0.00612401553810563,
    "10.1": 0.022806678555703726,
    "11.1": 0.17020539736941856,
    "12.1": 0.44230174291593943,
    "13.1": 1.3824437144899486,
    "14.1": 3.5822323303674097,
    "TP": 0
  },
  "opera": {
    "9": 0,
    "11": 0,
    "12": 0,
    "15": 0,
    "16": 0,
    "17": 0,
    "18": 0,
    "19": 0,
    "20": 0,
    "21": 0,
    "22": 0,
    "23": 0,
    "24": 0,
    "25": 0,
    "26": 0,
    "27": 0,
    "28": 0,
    "29": 0,
    "30": 0,
    "31": 0.00021117294958984936,
    "32": 0,
    "33": 0,
    "34": 0,
    "35": 0,
    "36": 0.0005279323739746233,
    "37": 0,
    "38": 0,
    "39": 0,
    "40": 0,
    "41": 0,
    "42": 0,
    "43": 0,
    "44": 0,
    "45": 0,
    "46": 0,
    "47": 0,
    "48": 0,
    "49": 0,
    "50": 0,
    "51": 0,
    "52": 0,
    "53": 0,
    "54": 0,
    "55": 0,
    "56": 0.0004223458991796987,
    "57": 0,
    "58": 0.00654636143728533,
    "60": 0,
    "62": 0.00010558647479492468,
    "63": 0.00010558647479492468,
    "64": 0.0004223458991796987,
    "65": 0,
    "66": 0.00010558647479492468,
    "67": 0,
    "68": 0,
    "69": 0,
    "70": 0,
    "71": 0,
    "72": 0.0014782106471289455,
    "73": 0.02798041582065504,
    "74": 0.08753118760499254,
    "75": 0.06905355451588073,
    "76": 0.04487425178784298,
    "77": 0.07528315652878129,
    "78": 0.040545206321251075,
    "79": 0.018372046614316892,
    "80": 0.00021117294958984936,
    "9.5-9.6": 0,
    "10.0-10.1": 0,
    "10.5": 0,
    "10.6": 0,
    "11.1": 0,
    "11.5": 0,
    "11.6": 0,
    "12.1": 0.00010558647479492468
  },
  "ios_saf": {
    "8": 0,
    "15": 0.06556920084764822,
    "3.2": 0,
    "4.0-4.1": 0,
    "4.2-4.3": 0.000316759424384774,
    "5.0-5.1": 0,
    "6.0-6.1": 0,
    "7.0-7.1": 0,
    "8.1-8.4": 0,
    "9.0-9.2": 0.0010558647479492467,
    "9.3": 0.0017949700715137193,
    "10.0-10.2": 0.005490496689336083,