{
  "ie": {
    "6": 0.0021511258070563075,
    "7": 0.00737528848133591,
    "8": 0.044559034574737796,
    "9": 0.19667435950229095,
    "10": 0.015057880649394152,
    "11": 2.5604543177704504,
    "5.5": 0
  },
  "edge": {
    "12": 0.0003073036867223296,
    "13": 0.03195958341912228,
    "14": 0.07221636637974746,
    "15": 0.10632707560592604,
    "16": 0.3146789752036655,
    "17": 2.1216246531309637,
    "18": 0.26274465214759185
  },
  "firefox": {
    "2": 0,
    "3": 0,
    "4": 0,
    "5": 0,
    "6": 0.0003073036867223296,
    "7": 0.0003073036867223296,
    "8": 0,
    "9": 0,
    "10": 0,
    "11": 0.0003073036867223296,
    "12": 0.004302251614112615,
    "13": 0,
    "14": 0.0003073036867223296,
    "15": 0.0003073036867223296,
    "16": 0.0003073036867223296,
    "17": 0.0003073036867223296,
    "18": 0,
    "19": 0.0003073036867223296,
    "20": 0,
    "21": 0,
    "22": 0.0003073036867223296,
    "23": 0,
    "24": 0.0018438221203339775,
    "25": 0,
    "26": 0.0006146073734446592,
    "27": 0,
    "28": 0.0006146073734446592,
    "29": 0.0003073036867223296,
    "30": 0,
    "31": 0.003380340553945626,
    "32": 0,
    "33": 0,
    "34": 0,
    "35": 0.003687644240667955,
    "36": 0.001536518433611648,
    "37": 0.010448325348559207,
    "38": 0.030730368672232958,
    "39": 0.003687644240667955,
    "40": 0.0076825921680582394,
    "41": 0.0012292147468893184,
    "42": 0.003380340553945626,
    "43": 0.01444327327594949,
    "44": 0.004302251614112615,
    "45": 0.025506205997953356,
    "46": 0.003380340553945626,
    "47": 0.016901702769728126,
    "48": 0.1908355894545667,
    "49": 0.015057880649394152,
    "50": 0.0018438221203339775,
    "51": 0.009526414288392219,
    "52": 0.5002904019839526,
    "53": 0.001536518433611648,
    "54": 0.009526414288392219,
    "55": 0.018745524890062107,
    "56": 0.051934323056073706,
    "57": 0.11554618620759592,
    "58": 0.028579242865176654,
    "59": 0.027657331805009663,
    "60": 1.585072416113776,
    "61": 0.17915804935911817,
    "62": 1.4769015183875163,
    "63": 2.565063873071285,
    "64": 2.78601522382464,
    "65": 4.510296210023632,
    "66": 0.48185218078061287,
    "67": 0.003380340553945626,
    "68": 0.0009219110601669888,
    "3.5": 0,
    "3.6": 0.0009219110601669888
  },
  "chrome": {
    "4": 0,
    "5": 0,
    "6": 0,
    "7": 0,
    "8": 0,
    "9": 0,
    "10": 0,
    "11": 0,
    "12": 0,
    "13": 0,
    "14": 0,
    "15": 0,
    "16": 0,
    "17": 0.0006146073734446592,
    "18": 0,
    "19": 0,
    "20": 0,
    "21": 0.0012292147468893184,
    "22": 0,
    "23": 0,
    "24": 0,
    "25": 0,
    "26": 0.0003073036867223296,
    "27": 0.006760681107891252,
    "28": 0,
    "29": 0,
    "30": 0,
    "31": 0.0006146073734446592,
    "32": 0.00798989585478057,
    "33": 0,
    "34": 0,
    "35": 0.0003073036867223296,
    "36": 0.08973267652292025,
    "37": 0.003687644240667955,
    "38": 0.006146073734446592,
    "39": 0.009526414288392219,
    "40": 0,
    "41": 0.0006146073734446592,
    "42": 0,
    "43": 0.005224162674279604,
    "44": 0.001536518433611648,
    "45": 0.004302251614112615,
    "46": 0.003687644240667955,
    "47": 0.08082086960797269,
    "48": 0.019974739636951424,
    "49": 0.2098884180313511,
    "50": 0.010141021661836877,
    "51": 0.008911806914947558,
    "52": 0.019052828576784437,
    "53": 0.02950115392534364,
    "54": 0.042100605080959155,
    "55": 0.07651861799386007,
    "56": 0.07897704748763872,
    "57": 0.12691642261632213,
    "58": 0.053470841489685346,
    "59": 0.04025678296062518,
    "60": 0.03626183503323489,
    "61": 0.055007359923297,
    "62": 0.15580296916822112,
    "63": 0.8398609758121268,
    "64": 0.17669961986533952,
    "65": 0.19237210788817832,
    "66": 0.1776215309255065,
    "67": 0.7532013361564299,
    "68": 0.8220373619822317,
    "69": 6.39775545387218,
    "70": 13.14245677005387,
    "71": 17.11435692093998,
    "72": 14.050539164318355,
    "73": 2.5493913850484464,
    "74": 0.03503262028634558,
    "75": 0.006760681107891252,
    "76": 0
  },
  "safari": {
    "4": 0,
    "5": 0.005531466361001933,
    "6": 0,
    "7": 0.0021511258070563075,
    "8": 0.02274047281745239,
    "9": 0.0768259216805824,
    "10": 0.09618605394408916,
    "11": 0.43145437615815074,
    "12": 8.624785271548904,
    "3.1": 0,
    "3.2": 0,
    "5.1": 0.004302251614112615,
    "6.1": 0.005224162674279604,
    "7.1": 0,
    "9.1": 0.33280989272028294,
    "10.1": 0.6902040803783523,
    "11.1": 1.8883811549087155,
    "12.1": 0.11861922307481923,
    "TP": 0
  },
  "opera": {
    "9": 0,
    "11": 0,
    "12": 0,
    "15": 0,
    "16": 0,
    "17": 0,
    "18": 0,
    "19": 0,
    "20": 0,
    "21": 0,
    "22": 0,
    "23": 0,
    "24": 0,
    "25": 0,
    "26": 0,
    "27": 0,
    "28": 0,
    "29": 0,
    "30": 0,
    "31": 0,
    "32": 0,
    "33": 0,
    "34": 0,
    "35": 0,
    "36": 0.0012292147468893184,
    "37": 0,
    "38": 0,
    "39": 0,
    "40": 0,
    "41": 0,
    "42": 0,
    "43": 0,
    "44": 0,
    "45": 0,
    "46": 0,
    "47": 0.0165943990830058,
    "48": 0,
    "49": 0,
    "50": 0,
    "51": 0,
    "52": 0,
    "53": 0,
    "54": 0.019052828576784437,
    "55": 0.0331887981660116,
    "56": 0.2824120880978209,
    "57": 0.34817507705639944,
    "58": 0.25291093417247723,
    "9.5-9.6": 0,
    "10.0-10.1": 0,
    "10.5": 0,
    "10.6": 0,
    "11.1": 0,
    "11.5": 0,
    "11.6": 0,
    "12.1": 0
  },
  "ios_saf": {
    "8": 0.0006146073734446592,
    "3.2": 0,
    "4.0-4.1": 0,
    "4.2-4.3": 0,
    "5.0-5.1": 0,
    "6.0-6.1": 0.0021511258070563075,
    "7.0-7.1": 0.0006146073734446592,
    "8.1-8.4": 0.011062932722003866,
    "9.0-9.2": 0.001536518433611648,
    "9.3": 0.02212586544400773,
    "10.0-10.2": 0.05439275254985234,
    "10.3": 0.10540516454575904,
    "11.0-11.2": 0.18622603415373173,
    "11.3-11.4": 0.5841843084591486,
    "12.0-12.1": 3.7491049780124213,
    "12.2": 0.027350028118287337
  },
  "op_mini": {
    "all": 0.009833717975114547
  },
  "android": {
    "3": 0,
    "4": 0.0006146073734446592,
    "67": 0.110014719846594,
    "2.1": 0,
    "2.2": 0,
    "2.3": 0,
    "4.1": 0.0009219110601669888,
    "4.2-4.3": 0,
    "4.4": 0.0027657331805009664,
    "4.4.3-4.4.4": 0
  },
  "bb": {
    "7": 0,
    "10": 0
  },
  "op_mob": {
    "10": 0.0027657331805009664,
    "11": 0.0027657331805009664,
    "12": 0.0027657331805009664,
    "46": 0.0027657331805009664,
    "11.1": 0.0027657331805009664,
    "11.5": 0.0027657331805009664,
    "12.1": 0.0027657331805009664
  },
  "and_chr": {
    "71": 3.5788587355682506
  },
  "and_ff": {
    "64": 0.09219110601669887
  },
  "ie_mob": {
    "10": 0,
    "11": 0
  },
  "and_uc": {
    "11.8": 0.020896650697118414
  },
  "samsung": {
    "4": 0,
    "5.0-5.4": 0,
    "6.2-6.4": 0,
    "7.2-7.4": 0,
    "8.2": 0
  },
  "and_qq": {
    "1.2": 0
  },
  "baidu": {
    "7.12": 0
  }
}